{
  "defaultSeverity": "error",
  "extends": [
    "tslint:latest",
    "tslint-config-prettier"
  ],
  "jsRules": {},
  "linterOptions": {
    "exclude": [
      "node_modules/**"
    ]
  },
  "rules": {
    "no-any": true,
    "no-inferred-empty-object-type": true,
    "typedef": [true, "parameter", "property-declaration"],
    "member-access": false,
    "interface-name": [true, "never-prefix"],
    "no-consecutive-blank-lines": [true, 2],
    "no-var-requires": false,
    "no-arg": true,
    "no-conditional-assignment": true,
    "ordered-imports": false,
    "no-console": [
      true,
      "log",
      "debug",
      "info",
      "time",
      "timeEnd",
      "trace"
    ],
    "no-unused-expression": true,
    "no-this-assignment": [true, { "allow-destructuring": true }],
    "max-line-length": [
      true,
      120
    ],
    "object-literal-sort-keys": false,
    "object-literal-key-quotes": [true, "as-needed"],
    "trailing-comma": [
      true, {
        "multiline": {
          "objects": "always",
          "arrays": "always",
          "functions": "always",
          "typeLiterals": "never"
        },
        "singleline": "never"
      }
    ],
    "comment-format": [
      true,
      "check-space"
    ],
    "type-literal-delimiter": false,
    "jsdoc-format": true,
    "quotemark": [
      true,
      "single",
      "avoid-escape"
    ],
    "semicolon": [
      true,
      "never"
    ],
    "no-implicit-dependencies": [true, "dev"],
    "no-submodule-imports": [false],
    "variable-name": [
      true,
      "allow-pascal-case",
      "allow-leading-underscore"
    ]
  },
  "rulesDirectory": []
}
