{
  "project_info": {
    "project_number": "271447527758",
    "firebase_url": "https://maxapp-62364.firebaseio.com",
    "project_id": "maxapp-62364",
    "storage_bucket": "maxapp-62364.appspot.com"
  },
  "client": [
    {
      "client_info": {
        "mobilesdk_app_id": "1:271447527758:android:c0d8218a631a8601",
        "android_client_info": {
          "package_name": "ru.maxnet.app"
        }
      },
      "oauth_client": [],
      "api_key": [
        {
          "current_key": "AIzaSyD4gUwLyp2OujUNGKO-qEXKEVff7_aGxBw"
        }
      ],
      "services": {
        "appinvite_service": {
          "other_platform_oauth_client": [
            {
              "client_id": "271447527758-n7fg7h6fmdjmkhbdn1ntg7viep4ubekn.apps.googleusercontent.com",
              "client_type": 3
            }
          ]
        }
      }
    }
  ],
  "configuration_version": "1"
}